INSERT INTO Usuario VALUES('a@a.com','1234',999666333,'12345678912345678912',50.0)
INSERT INTO Usuario VALUES('b@b.com','1234',666333999,'12345678912345678921',0.5)
INSERT INTO Usuario VALUES('c@c.com','1234',333666999,'12345678912345678922',12.3)

INSERT INTO Estacion VALUES('Mutilva')
INSERT INTO Estacion VALUES('Buztintxuri')
INSERT INTO Estacion VALUES('Rochapea')
INSERT INTO Estacion VALUES('Milagrosa')

INSERT INTO Bicicleta VALUES('EPCKUZ')
INSERT INTO Bicicleta VALUES('VQUC5W')
INSERT INTO Bicicleta VALUES('R88UN4')
INSERT INTO Bicicleta VALUES('93RKSD')
INSERT INTO Bicicleta VALUES('CCVH73')
INSERT INTO Bicicleta VALUES('YVZEPJ')
INSERT INTO Bicicleta VALUES('5DYZAD')
INSERT INTO Bicicleta VALUES('2XWB4A')
INSERT INTO Bicicleta VALUES('JWEX3X')
INSERT INTO Bicicleta VALUES('SJ66YV')

INSERT INTO Anclaje VALUES(1,'EPCKUZ')
INSERT INTO Anclaje VALUES(1,'VQUC5W')
INSERT INTO Anclaje VALUES(1,'YVZEPJ')
INSERT INTO Anclaje VALUES(2,'R88UN4')
INSERT INTO Anclaje VALUES(2,'5DYZAD')
INSERT INTO Anclaje VALUES(3,'93RKSD')
INSERT INTO Anclaje VALUES(2,'CCVH73')
INSERT INTO Anclaje VALUES(3,'2XWB4A')
INSERT INTO Anclaje VALUES(4,'JWEX3X')
INSERT INTO Anclaje VALUES(1,'SJ66YV')

INSERT INTO Viaje VALUES(1,'2022/02/23 14:25:10','2022/02/23 15:10:24',1,4,2.30)

INSERT INTO Tarifa VALUES(0,20,0)
INSERT INTO Tarifa VALUES(21,30,0.04)
INSERT INTO Tarifa VALUES(31,60,0.06)
INSERT INTO Tarifa VALUES(61,1000000,0.10)

/*delete from Usuario
delete from Anclaje
delete from Estacion
delete from Bicicleta
delete from Viaje
delete from Tarifa*/