use RutaBikesDb
GO
delete from Usuario
delete from Anclaje
delete from Estacion
delete from Bicicleta
delete from Viaje
delete from Tarifa
GO
/* GENERAR USUARIOS */
GO
INSERT INTO Usuario VALUES('ander_frago@hotmail.es','1234',948565656,'42315666301249985120',0.5)
GO
INSERT INTO Usuario VALUES('gorka@yahoo.com','1234',699858585,'12345678912345678921',1.2)
GO
INSERT INTO Usuario VALUES('maria@cuatrovientos.org','1234',630822882,'09898558792133354468',12.3)
GO
INSERT INTO Usuario VALUES('daniel@gmail.com','1234',944202122,'22361449785521365521',3)
GO

/*GENERAR ESTACIONES*/
GO
INSERT INTO Estacion VALUES('Mutilva')
GO
INSERT INTO Estacion VALUES('Buztintxuri')
GO
INSERT INTO Estacion VALUES('Rochapea')
GO
INSERT INTO Estacion VALUES('Milagrosa')
GO
INSERT INTO Estacion VALUES('Villava')
GO
INSERT INTO Estacion VALUES('San Jorge')
GO
INSERT INTO Estacion VALUES('Iturrama')
GO
INSERT INTO Estacion VALUES('Mendillorri')
GO

/*GENERAR BICICLETAS*/
GO
INSERT INTO Bicicleta VALUES('G7L5KC')
GO
INSERT INTO Bicicleta VALUES('PC38UV')
GO
INSERT INTO Bicicleta VALUES('HVMRZY')
GO
INSERT INTO Bicicleta VALUES('FGVEFE')
GO
INSERT INTO Bicicleta VALUES('J7CH4B')
GO
INSERT INTO Bicicleta VALUES('VNTXH7')
GO
INSERT INTO Bicicleta VALUES('2J74SB')
GO
INSERT INTO Bicicleta VALUES('KD4JBY')
GO
INSERT INTO Bicicleta VALUES('5CMUJE')
GO
INSERT INTO Bicicleta VALUES('EU2A2X')
GO
INSERT INTO Bicicleta VALUES('EPCKUZ')
GO
INSERT INTO Bicicleta VALUES('VQUC5W')
GO
INSERT INTO Bicicleta VALUES('R88UN4')
GO
INSERT INTO Bicicleta VALUES('93RKSD')
GO
INSERT INTO Bicicleta VALUES('CCVH73')
GO
INSERT INTO Bicicleta VALUES('YVZEPJ')
GO
INSERT INTO Bicicleta VALUES('5DYZAD')
GO
INSERT INTO Bicicleta VALUES('2XWB4A')
GO
INSERT INTO Bicicleta VALUES('JWEX3X')
GO
INSERT INTO Bicicleta VALUES('SJ66YV')
GO
INSERT INTO Bicicleta VALUES('YZQB2K')
GO
INSERT INTO Bicicleta VALUES('GLNDUP')
GO
INSERT INTO Bicicleta VALUES('ERVRN6')
GO
INSERT INTO Bicicleta VALUES('B9V42F')
GO
INSERT INTO Bicicleta VALUES('9PUYEX')
GO
INSERT INTO Bicicleta VALUES('8QTD9T')
GO
INSERT INTO Bicicleta VALUES('JK35XZ')
GO
INSERT INTO Bicicleta VALUES('BNXQB8')
GO
INSERT INTO Bicicleta VALUES('ZQUYQN')
GO
INSERT INTO Bicicleta VALUES('42FT7T')
GO

/* GENERAR ANCLAJES */
GO
INSERT INTO Anclaje VALUES(1,'G7L5KC')
GO
INSERT INTO Anclaje VALUES(1,'PC38UV')
GO
INSERT INTO Anclaje VALUES(1,'HVMRZY')
GO
INSERT INTO Anclaje VALUES(1,'FGVEFE')
GO
INSERT INTO Anclaje VALUES(1,NULL)
GO
INSERT INTO Anclaje VALUES(2,NULL)
GO
INSERT INTO Anclaje VALUES(2,NULL)
GO
INSERT INTO Anclaje VALUES(2,'KD4JBY')
GO
INSERT INTO Anclaje VALUES(2,'5CMUJE')
GO
INSERT INTO Anclaje VALUES(2,'EU2A2X')
GO
INSERT INTO Anclaje VALUES(3,'EPCKUZ')
GO
INSERT INTO Anclaje VALUES(3,'VQUC5W')
GO
INSERT INTO Anclaje VALUES(3,'R88UN4')
GO
INSERT INTO Anclaje VALUES(3,'93RKSD')
GO
INSERT INTO Anclaje VALUES(3,'CCVH73')
GO
INSERT INTO Anclaje VALUES(4,'YVZEPJ')
GO
INSERT INTO Anclaje VALUES(4,'5DYZAD')
GO
INSERT INTO Anclaje VALUES(4,NULL)
GO
INSERT INTO Anclaje VALUES(4,'JWEX3X')
GO
INSERT INTO Anclaje VALUES(4,'SJ66YV')
GO
INSERT INTO Anclaje VALUES(5,'YZQB2K')
GO
INSERT INTO Anclaje VALUES(5,NULL)
GO
INSERT INTO Anclaje VALUES(5,'ERVRN6')
GO
INSERT INTO Anclaje VALUES(5,NULL)
GO
INSERT INTO Anclaje VALUES(5,'9PUYEX')
GO
INSERT INTO Anclaje VALUES(6,'8QTD9T')
GO
INSERT INTO Anclaje VALUES(6,'JK35XZ')
GO
INSERT INTO Anclaje VALUES(6,'BNXQB8')
GO
INSERT INTO Anclaje VALUES(6,NULL)
GO
INSERT INTO Anclaje VALUES(6,'42FT7T')
GO
INSERT INTO Anclaje VALUES(7,NULL)
GO
INSERT INTO Anclaje VALUES(7,'J7CH4B')
GO
INSERT INTO Anclaje VALUES(7,'ZQUYQN')
GO
INSERT INTO Anclaje VALUES(7,'B9V42F')
GO
INSERT INTO Anclaje VALUES(7,NULL)
GO
INSERT INTO Anclaje VALUES(8,'VNTXH7')
GO
INSERT INTO Anclaje VALUES(8,'2J74SB')
GO
INSERT INTO Anclaje VALUES(8,'GLNDUP')
GO
INSERT INTO Anclaje VALUES(8,'2XWB4A')
GO
INSERT INTO Anclaje VALUES(8,NULL)
GO

/* GENERAR VIAJES */
GO
INSERT INTO Viaje VALUES(1,'J7CH4B','2022/02/23 14:25:10','2022/02/23 15:24:10',1,4,3.54)
GO
INSERT INTO Viaje VALUES(1,'2XWB4A','2022/02/23 18:15:00','2022/02/23 18:20:00',5,2,0.7)
GO
INSERT INTO Viaje VALUES(2,'B9V42F','2022/02/25 15:01:10','2022/02/25 15:29:24',16,17,1.12)
GO
INSERT INTO Viaje VALUES(3,'YVZEPJ','2022/02/28 08:02:10','2022/02/28 08:17:35',22,22,0.7)
GO

/* GENERAR TARIFAS */
GO
INSERT INTO Tarifa VALUES(0,20,0)
GO
INSERT INTO Tarifa VALUES(21,30,0.04)
GO
INSERT INTO Tarifa VALUES(31,60,0.06)
GO
INSERT INTO Tarifa VALUES(61,1000000,0.10)
GO